TimeStamp,Latitude,Longitude,BrushRPM,PumpRPM
2026-01-15T09:00:00.000Z,55.684580,37.504178,529,0
2026-01-15T09:00:05.004Z,55.684598,37.504213,490,0
2026-01-15T09:00:15.097Z,55.684640,37.504290,507,0
2026-01-15T09:00:20.102Z,55.684663,37.504321,527,0
2026-01-15T09:00:25.107Z,55.684690,37.504340,487,0
2026-01-15T09:00:30.111Z,55.684711,37.504365,526,0
2026-01-15T09:00:36.116Z,55.684713,37.504396,495,0
2026-01-15T09:00:41.123Z,55.684730,37.504423,567,0
2026-01-15T09:00:46.128Z,55.684753,37.504465,526,0
2026-01-15T09:00:51.132Z,55.684776,37.504493,527,0
2026-01-15T09:00:56.137Z,55.684793,37.504523,554,0
2026-01-15T09:01:01.142Z,55.684823,37.504545,538,0
2026-01-15T09:01:06.147Z,55.684861,37.504580,513,0
2026-01-15T09:01:11.151Z,55.684901,37.504600,547,0
2026-01-15T09:01:16.156Z,55.684926,37.504606,517,0
2026-01-15T09:01:21.160Z,55.684946,37.504623,542,0
2026-01-15T09:01:26.164Z,55.684973,37.504633,493,0
2026-01-15T09:01:31.168Z,55.685001,37.504641,526,0
2026-01-15T09:01:36.174Z,55.685023,37.504691,547,0
2026-01-15T09:01:41.179Z,55.685028,37.504745,528,0
2026-01-15T09:01:46.184Z,55.685046,37.504785,521,0
2026-01-15T09:01:51.189Z,55.685063,37.504818,555,0
2026-01-15T09:01:56.195Z,55.685083,37.504846,529,0
2026-01-15T09:02:01.199Z,55.685110,37.504878,510,0
2026-01-15T09:02:07.206Z,55.685121,37.504905,523,0
2026-01-15T09:02:12.210Z,55.685138,37.504910,535,0
2026-01-15T09:02:17.218Z,55.685160,37.504908,540,0
2026-01-15T09:02:22.223Z,55.685191,37.504913,504,0
2026-01-15T09:02:27.226Z,55.685215,37.504908,499,0
2026-01-15T09:02:32.232Z,55.685251,37.504901,523,0
2026-01-15T09:02:37.238Z,55.685275,37.504931,538,0
2026-01-15T09:02:42.243Z,55.685303,37.504965,558,0
2026-01-15T09:02:47.248Z,55.685316,37.505000,541,0
2026-01-15T09:02:52.253Z,55.685336,37.505021,530,0
2026-01-15T09:02:57.257Z,55.685345,37.505061,533,0
2026-01-15T09:03:02.263Z,55.685355,37.505078,514,0
2026-01-15T09:03:07.267Z,55.685365,37.505093,505,0
2026-01-15T09:03:12.272Z,55.685385,37.505100,563,0
2026-01-15T09:03:17.277Z,55.685405,37.505116,512,0
2026-01-15T09:03:22.280Z,55.685455,37.505163,505,0
2026-01-15T09:03:27.284Z,55.685475,37.505196,523,0
2026-01-15T09:03:33.291Z,55.685500,37.505200,529,0
2026-01-15T09:03:38.296Z,55.685520,37.505216,543,0
2026-01-15T09:03:43.301Z,55.685540,37.505238,529,0
2026-01-15T09:03:48.305Z,55.685560,37.505248,540,0
2026-01-15T09:03:53.309Z,55.685581,37.505255,558,0
2026-01-15T09:03:58.315Z,55.685583,37.505281,532,0
2026-01-15T09:04:03.319Z,55.685606,37.505301,535,0
2026-01-15T09:04:08.323Z,55.685620,37.505336,503,0
2026-01-15T09:04:13.326Z,55.685648,37.505375,283,0
2026-01-15T09:04:18.330Z,55.685678,37.505401,481,0
2026-01-15T09:04:23.334Z,55.685698,37.505423,516,0
2026-01-15T09:04:28.339Z,55.685716,37.505456,506,0
2026-01-15T09:04:33.344Z,55.685731,37.505483,536,0
2026-01-15T09:04:38.349Z,55.685735,37.505523,424,0
2026-01-15T09:04:43.354Z,55.685738,37.505555,489,0
2026-01-15T09:04:48.358Z,55.685730,37.505586,534,0
2026-01-15T09:04:52.363Z,55.685730,37.505586,0,0
2026-01-15T09:04:53.364Z,55.685723,37.505601,0,0
2026-01-15T09:04:59.370Z,55.685730,37.505623,0,0
2026-01-15T09:05:19.389Z,55.685738,37.505626,0,0
2026-01-15T09:05:24.395Z,55.685785,37.505701,0,0
2026-01-15T09:05:34.405Z,55.685760,37.505651,0,0
2026-01-15T09:05:39.409Z,55.685730,37.505608,0,0
2026-01-15T09:05:44.413Z,55.685706,37.505581,0,0
2026-01-15T09:05:49.417Z,55.685718,37.505593,0,0
2026-01-15T09:05:54.422Z,55.685736,37.505596,0,0
2026-01-15T09:05:59.428Z,55.685745,37.505626,0,0
2026-01-15T09:06:09.438Z,55.685765,37.505670,0,0
2026-01-15T09:06:14.444Z,55.685790,37.505718,0,0
2026-01-15T09:06:19.449Z,55.685805,37.505731,0,0
2026-01-15T09:06:25.455Z,55.685818,37.505746,0,0
2026-01-15T09:06:30.460Z,55.685821,37.505748,464,0
2026-01-15T09:06:40.477Z,55.685798,37.505748,466,0
2026-01-15T09:06:45.482Z,55.685775,37.505745,503,0
2026-01-15T09:06:50.488Z,55.685750,37.505755,536,0
2026-01-15T09:06:55.495Z,55.685730,37.505770,548,0
2026-01-15T09:07:00.501Z,55.685685,37.505751,530,0
2026-01-15T09:07:05.506Z,55.685650,37.505736,491,0
2026-01-15T09:07:10.512Z,55.685618,37.505728,551,0
2026-01-15T09:07:15.528Z,55.685585,37.505725,529,0
2026-01-15T09:07:20.535Z,55.685545,37.505720,560,0
2026-01-15T09:07:25.540Z,55.685513,37.505708,506,0
2026-01-15T09:07:30.545Z,55.685481,37.505698,515,0
2026-01-15T09:07:35.551Z,55.685441,37.505670,523,0
2026-01-15T09:07:40.556Z,55.685410,37.505645,492,0
2026-01-15T09:07:45.561Z,55.685390,37.505650,507,0
2026-01-15T09:07:50.568Z,55.685358,37.505655,541,0
2026-01-15T09:07:56.586Z,55.685326,37.505670,518,0
2026-01-15T09:08:01.590Z,55.685288,37.505665,544,0
2026-01-15T09:08:06.596Z,55.685253,37.505665,536,0
2026-01-15T09:08:11.599Z,55.685211,37.505668,536,0
2026-01-15T09:08:16.604Z,55.685163,37.505688,518,0
2026-01-15T09:08:21.609Z,55.685115,37.505713,543,0
2026-01-15T09:08:26.614Z,55.685075,37.505733,525,0
2026-01-15T09:08:31.617Z,55.685043,37.505756,531,0
2026-01-15T09:08:36.621Z,55.685000,37.505785,544,0
2026-01-15T09:08:41.628Z,55.684976,37.505810,540,0
2026-01-15T09:08:46.631Z,55.684941,37.505820,548,0
2026-01-15T09:08:51.635Z,55.684910,37.505820,538,0
2026-01-15T09:08:56.640Z,55.684878,37.505835,553,0
2026-01-15T09:09:01.643Z,55.684840,37.505858,499,0
2026-01-15T09:09:03.648Z,55.684840,37.505858,0,0
2026-01-15T09:09:06.650Z,55.684833,37.505871,0,0
2026-01-15T09:09:16.663Z,55.684840,37.505898,0,0
2026-01-15T09:09:23.673Z,55.684843,37.505898,463,0
2026-01-15T09:09:27.679Z,55.684836,37.505906,487,0
2026-01-15T09:09:32.684Z,55.684811,37.505931,537,0
2026-01-15T09:09:37.687Z,55.684786,37.505955,479,0
2026-01-15T09:09:42.695Z,55.684768,37.505976,477,0
2026-01-15T09:09:47.701Z,55.684735,37.505983,522,0
2026-01-15T09:09:52.707Z,55.684703,37.506003,523,0
2026-01-15T09:09:57.712Z,55.684683,37.506020,574,0
2026-01-15T09:10:02.718Z,55.684658,37.505991,546,0
2026-01-15T09:10:07.724Z,55.684611,37.505960,525,0
2026-01-15T09:10:12.732Z,55.684571,37.505958,531,0
2026-01-15T09:10:17.736Z,55.684541,37.505960,511,0
2026-01-15T09:10:19.737Z,55.684541,37.505960,0,0
2026-01-15T09:10:22.743Z,55.684528,37.505965,0,0
2026-01-15T09:10:32.755Z,55.684525,37.505950,0,0
2026-01-15T09:10:37.758Z,55.684518,37.505943,0,0
2026-01-15T09:10:53.778Z,55.684525,37.505960,0,0
2026-01-15T09:10:58.784Z,55.684528,37.505958,471,0
2026-01-15T09:11:03.790Z,55.684518,37.505978,508,0
2026-01-15T09:11:08.795Z,55.684483,37.505986,514,0
2026-01-15T09:11:09.796Z,55.684483,37.505986,0,0
2026-01-15T09:11:13.804Z,55.684475,37.505988,0,0
2026-01-15T09:11:21.812Z,55.684471,37.505988,471,0
2026-01-15T09:11:23.814Z,55.684475,37.506003,485,0
2026-01-15T09:11:28.819Z,55.684458,37.505988,522,0
2026-01-15T09:11:33.834Z,55.684445,37.506011,512,0
2026-01-15T09:11:38.838Z,55.684426,37.506053,550,0
2026-01-15T09:11:43.845Z,55.684418,37.506066,524,0
2026-01-15T09:11:48.849Z,55.684403,37.506101,566,0
2026-01-15T09:11:53.857Z,55.684383,37.506095,521,0
2026-01-15T09:11:58.861Z,55.684368,37.506125,520,0
2026-01-15T09:12:03.867Z,55.684346,37.506136,562,0
2026-01-15T09:12:08.872Z,55.684320,37.506140,531,0
2026-01-15T09:12:13.878Z,55.684301,37.506175,488,0
2026-01-15T09:12:18.883Z,55.684275,37.506228,522,0
2026-01-15T09:12:24.899Z,55.684256,37.506250,550,0
2026-01-15T09:12:29.904Z,55.684246,37.506265,511,0
2026-01-15T09:12:34.908Z,55.684215,37.506276,501,0
2026-01-15T09:12:39.912Z,55.684183,37.506285,527,0
2026-01-15T09:12:44.916Z,55.684161,37.506310,534,0
2026-01-15T09:12:49.920Z,55.684131,37.506340,531,0
2026-01-15T09:12:54.925Z,55.684103,37.506361,497,0
2026-01-15T09:12:58.930Z,55.684103,37.506361,0,0
2026-01-15T09:12:59.931Z,55.684096,37.506381,0,0
2026-01-15T09:13:04.934Z,55.684093,37.506365,0,0
2026-01-15T09:13:09.939Z,55.684080,37.506323,0,0
2026-01-15T09:13:19.963Z,55.684073,37.506320,0,0
2026-01-15T09:13:29.971Z,55.684066,37.506333,0,0
2026-01-15T09:13:34.976Z,55.684055,37.506325,0,0
2026-01-15T09:13:39.981Z,55.684048,37.506323,0,0
2026-01-15T09:13:44.987Z,55.684041,37.506315,477,0
2026-01-15T09:13:50.992Z,55.684023,37.506310,510,0
2026-01-15T09:13:55.996Z,55.683995,37.506330,511,0
2026-01-15T09:14:01.001Z,55.683983,37.506366,564,0
2026-01-15T09:14:06.008Z,55.683956,37.506401,550,0
2026-01-15T09:14:11.012Z,55.683928,37.506423,556,0
2026-01-15T09:14:16.025Z,55.683885,37.506430,524,0
2026-01-15T09:14:21.030Z,55.683883,37.506500,502,0
2026-01-15T09:14:26.036Z,55.683881,37.506575,550,0
2026-01-15T09:14:31.041Z,55.683878,37.506651,507,0
2026-01-15T09:14:36.048Z,55.683863,37.506701,545,0
2026-01-15T09:14:41.052Z,55.683850,37.506743,540,0
2026-01-15T09:14:46.059Z,55.683840,37.506800,538,0
2026-01-15T09:14:51.065Z,55.683821,37.506848,569,0
2026-01-15T09:14:56.072Z,55.683803,37.506885,527,0
2026-01-15T09:14:59.074Z,55.683803,37.506885,0,0
2026-01-15T09:15:01.076Z,55.683800,37.506918,0,0
2026-01-15T09:15:16.107Z,55.683793,37.506925,0,0
2026-01-15T09:15:31.122Z,55.683795,37.506935,461,0
2026-01-15T09:15:37.132Z,55.683785,37.506973,511,0
2026-01-15T09:15:42.136Z,55.683766,37.507008,493,0
2026-01-15T09:15:47.141Z,55.683736,37.507036,540,0
2026-01-15T09:15:52.144Z,55.683713,37.507081,551,0
2026-01-15T09:15:57.152Z,55.683690,37.507110,512,0
2026-01-15T09:16:02.156Z,55.683663,37.507123,524,0
2026-01-15T09:16:05.161Z,55.683663,37.507123,0,0
2026-01-15T09:16:07.163Z,55.683646,37.507158,0,0
2026-01-15T09:16:12.167Z,55.683650,37.507176,0,0
2026-01-15T09:16:16.172Z,55.683650,37.507176,456,0
2026-01-15T09:16:17.173Z,55.683665,37.507196,460,0
2026-01-15T09:16:22.178Z,55.683656,37.507220,498,0
2026-01-15T09:16:27.187Z,55.683648,37.507260,500,0
2026-01-15T09:16:32.192Z,55.683628,37.507275,540,0
2026-01-15T09:16:37.197Z,55.683608,37.507295,531,0
2026-01-15T09:16:42.203Z,55.683581,37.507321,518,0
2026-01-15T09:16:47.209Z,55.683558,37.507363,524,0
2026-01-15T09:16:53.223Z,55.683536,37.507400,511,0
2026-01-15T09:16:58.229Z,55.683511,37.507436,552,0
2026-01-15T09:17:03.235Z,55.683476,37.507441,532,0
2026-01-15T09:17:08.240Z,55.683443,37.507463,530,0
2026-01-15T09:17:13.246Z,55.683400,37.507470,507,0
2026-01-15T09:17:18.250Z,55.683371,37.507483,499,0
2026-01-15T09:17:23.256Z,55.683338,37.507471,519,0
2026-01-15T09:17:28.262Z,55.683306,37.507485,519,0
2026-01-15T09:17:33.267Z,55.683275,37.507496,564,0
2026-01-15T09:17:38.285Z,55.683253,37.507518,526,0
2026-01-15T09:17:43.290Z,55.683231,37.507570,559,0
2026-01-15T09:17:48.296Z,55.683206,37.507626,523,0
2026-01-15T09:17:53.300Z,55.683181,37.507650,510,0
2026-01-15T09:17:58.305Z,55.683156,37.507663,533,0
2026-01-15T09:18:03.309Z,55.683130,37.507675,541,0
2026-01-15T09:18:08.315Z,55.683103,37.507683,560,0
2026-01-15T09:18:13.320Z,55.683068,37.507671,539,0
2026-01-15T09:18:19.325Z,55.683041,37.507700,519,0
2026-01-15T09:18:24.332Z,55.683018,37.507723,541,0
2026-01-15T09:18:29.336Z,55.682988,37.507765,551,0
2026-01-15T09:18:34.345Z,55.682951,37.507790,553,0
2026-01-15T09:18:39.350Z,55.682918,37.507823,518,0
2026-01-15T09:18:44.366Z,55.682883,37.507836,522,0
2026-01-15T09:18:49.370Z,55.682861,37.507880,547,0
2026-01-15T09:18:54.376Z,55.682841,37.507916,519,0
2026-01-15T09:18:59.381Z,55.682815,37.507951,459,0
2026-01-15T09:19:04.387Z,55.682791,37.507955,472,0
2026-01-15T09:19:09.393Z,55.682761,37.507940,503,0
2026-01-15T09:19:14.399Z,55.682733,37.507901,538,0
2026-01-15T09:19:19.404Z,55.682710,37.507878,520,0
2026-01-15T09:19:24.411Z,55.682691,37.507846,516,0
2026-01-15T09:19:29.415Z,55.682680,37.507816,539,0
2026-01-15T09:19:34.422Z,55.682670,37.507781,560,0
2026-01-15T09:19:39.427Z,55.682653,37.507746,535,0
2026-01-15T09:19:44.432Z,55.682640,37.507711,534,0
2026-01-15T09:19:50.439Z,55.682625,37.507676,530,0
2026-01-15T09:19:55.445Z,55.682605,37.507626,509,0
2026-01-15T09:20:00.450Z,55.682588,37.507596,457,0
2026-01-15T09:20:05.466Z,55.682573,37.507555,479,0
2026-01-15T09:20:10.470Z,55.682556,37.507505,500,0
2026-01-15T09:20:15.477Z,55.682533,37.507461,519,0
2026-01-15T09:20:20.482Z,55.682511,37.507416,567,0
2026-01-15T09:20:25.489Z,55.682478,37.507360,482,0
2026-01-15T09:20:30.494Z,55.682440,37.507328,542,0
2026-01-15T09:20:35.499Z,55.682403,37.507320,523,0
2026-01-15T09:20:40.503Z,55.682361,37.507321,523,0
2026-01-15T09:20:45.521Z,55.682335,37.507323,542,0
2026-01-15T09:20:50.526Z,55.682313,37.507326,523,0
2026-01-15T09:20:54.532Z,55.682313,37.507326,0,0
2026-01-15T09:20:55.532Z,55.682291,37.507326,0,0
2026-01-15T09:21:10.551Z,55.682280,37.507318,0,0
2026-01-15T09:21:13.553Z,55.682280,37.507318,470,0
2026-01-15T09:21:21.561Z,55.682246,37.507333,501,0
2026-01-15T09:21:26.566Z,55.682215,37.507338,481,0
2026-01-15T09:21:31.570Z,55.682188,37.507366,551,0
2026-01-15T09:21:36.576Z,55.682158,37.507380,518,0
2026-01-15T09:21:41.581Z,55.682128,37.507401,459,0
2026-01-15T09:21:46.586Z,55.682085,37.507418,547,0
2026-01-15T09:21:51.592Z,55.682048,37.507435,504,0
2026-01-15T09:21:56.598Z,55.682018,37.507458,550,0
2026-01-15T09:22:01.602Z,55.681983,37.507478,515,0
2026-01-15T09:22:06.609Z,55.681950,37.507495,531,0
2026-01-15T09:22:11.615Z,55.681915,37.507518,512,0
2026-01-15T09:22:16.621Z,55.681871,37.507535,519,0
2026-01-15T09:22:21.629Z,55.681848,37.507540,577,0
2026-01-15T09:22:26.634Z,55.681818,37.507553,521,0
2026-01-15T09:22:31.638Z,55.681778,37.507570,546,0
2026-01-15T09:22:36.643Z,55.681753,37.507538,507,0
2026-01-15T09:22:41.647Z,55.681715,37.507558,513,0
2026-01-15T09:22:47.657Z,55.681680,37.507551,542,0
2026-01-15T09:22:52.663Z,55.681648,37.507573,547,0
2026-01-15T09:22:57.667Z,55.681618,37.507578,554,0
2026-01-15T09:23:02.672Z,55.681585,37.507601,509,0
2026-01-15T09:23:07.678Z,55.681550,37.507621,510,0
2026-01-15T09:23:12.682Z,55.681516,37.507628,550,0
2026-01-15T09:23:17.688Z,55.681488,37.507636,520,0
2026-01-15T09:23:22.692Z,55.681455,37.507638,537,0
2026-01-15T09:23:27.713Z,55.681420,37.507651,513,0
2026-01-15T09:23:32.718Z,55.681386,37.507673,512,0
2026-01-15T09:23:37.724Z,55.681350,37.507680,555,0
2026-01-15T09:23:42.729Z,55.681320,37.507721,517,0
2026-01-15T09:23:47.746Z,55.681283,37.507725,542,0
2026-01-15T09:23:52.751Z,55.681243,37.507738,543,0
2026-01-15T09:23:57.756Z,55.681208,37.507753,533,0
2026-01-15T09:24:02.761Z,55.681176,37.507765,537,0
2026-01-15T09:24:07.765Z,55.681150,37.507780,467,0
2026-01-15T09:24:12.769Z,55.681118,37.507780,521,0
2026-01-15T09:24:18.774Z,55.681088,37.507790,502,0
2026-01-15T09:24:23.779Z,55.681058,37.507803,506,0
2026-01-15T09:24:28.785Z,55.681026,37.507793,523,0
2026-01-15T09:24:33.789Z,55.680998,37.507781,564,0
2026-01-15T09:24:38.793Z,55.680961,37.507768,528,0
2026-01-15T09:24:43.798Z,55.680933,37.507748,544,0
2026-01-15T09:24:48.802Z,55.680901,37.507731,513,0
2026-01-15T09:24:53.810Z,55.680865,37.507716,503,0
2026-01-15T09:24:58.815Z,55.680835,37.507720,558,0
2026-01-15T09:25:03.821Z,55.680810,37.507735,545,0
2026-01-15T09:25:08.826Z,55.680776,37.507753,528,0
2026-01-15T09:25:13.833Z,55.680750,37.507771,537,0
2026-01-15T09:25:18.838Z,55.680721,37.507761,510,0
2026-01-15T09:25:23.847Z,55.680690,37.507750,434,0
2026-01-15T09:25:28.852Z,55.680666,37.507755,485,0
2026-01-15T09:25:33.858Z,55.680641,37.507775,491,0
2026-01-15T09:25:38.864Z,55.680615,37.507793,522,0
2026-01-15T09:25:44.872Z,55.680585,37.507803,516,0
2026-01-15T09:25:49.876Z,55.680550,37.507815,515,0
2026-01-15T09:25:54.883Z,55.680518,37.507815,515,0
2026-01-15T09:25:59.888Z,55.680483,37.507816,537,0
2026-01-15T09:26:04.904Z,55.680450,37.507838,535,0
2026-01-15T09:26:09.908Z,55.680415,37.507848,514,0
2026-01-15T09:26:14.915Z,55.680383,37.507868,492,0
2026-01-15T09:26:19.921Z,55.680350,37.507888,552,0
2026-01-15T09:26:24.927Z,55.680315,37.507915,526,0
2026-01-15T09:26:29.931Z,55.680286,37.507950,541,0
2026-01-15T09:26:34.938Z,55.680250,37.507966,562,0
2026-01-15T09:26:39.941Z,55.680220,37.508003,525,0
2026-01-15T09:26:44.953Z,55.680188,37.508021,537,0
2026-01-15T09:26:49.957Z,55.680158,37.508031,520,0
2026-01-15T09:26:54.961Z,55.680126,37.508055,514,0
2026-01-15T09:26:59.965Z,55.680096,37.508065,518,0
2026-01-15T09:27:04.973Z,55.680066,37.508105,525,0
2026-01-15T09:27:09.978Z,55.680033,37.508136,549,0
2026-01-15T09:27:15.997Z,55.680008,37.508141,537,0
2026-01-15T09:27:21.002Z,55.679975,37.508133,550,0
2026-01-15T09:27:26.009Z,55.679945,37.508108,518,0
2026-01-15T09:27:31.014Z,55.679913,37.508108,500,0
2026-01-15T09:27:36.021Z,55.679881,37.508106,571,0
2026-01-15T09:27:41.026Z,55.679846,37.508101,520,0
2026-01-15T09:27:46.032Z,55.679818,37.508103,541,0
2026-01-15T09:27:51.036Z,55.679786,37.508081,509,0
2026-01-15T09:27:56.044Z,55.679751,37.508055,525,0
2026-01-15T09:28:01.049Z,55.679726,37.508088,526,0
2026-01-15T09:28:06.066Z,55.679701,37.508125,531,0
2026-01-15T09:28:11.070Z,55.679670,37.508165,511,0
2026-01-15T09:28:16.077Z,55.679648,37.508198,535,0
2026-01-15T09:28:21.082Z,55.679621,37.508208,515,0
2026-01-15T09:28:26.086Z,55.679595,37.508216,509,0
2026-01-15T09:28:31.090Z,55.679553,37.508211,509,0
2026-01-15T09:28:36.098Z,55.679521,37.508223,520,0
2026-01-15T09:28:40.102Z,55.679521,37.508223,0,0
2026-01-15T09:28:41.103Z,55.679495,37.508225,0,0
2026-01-15T09:28:43.105Z,55.679495,37.508225,499,0
2026-01-15T09:28:52.122Z,55.679460,37.508213,476,0
2026-01-15T09:28:57.131Z,55.679418,37.508213,522,0
2026-01-15T09:29:02.138Z,55.679375,37.508176,519,0
2026-01-15T09:29:07.143Z,55.679333,37.508156,570,0
2026-01-15T09:29:12.148Z,55.679298,37.508146,491,0
2026-01-15T09:29:17.165Z,55.679265,37.508140,537,0
2026-01-15T09:29:22.170Z,55.679241,37.508126,511,0
2026-01-15T09:29:27.175Z,55.679211,37.508096,507,0
2026-01-15T09:29:32.178Z,55.679185,37.508083,546,0
2026-01-15T09:29:37.183Z,55.679155,37.508065,534,0
2026-01-15T09:29:42.188Z,55.679125,37.508038,515,0
2026-01-15T09:29:47.193Z,55.679093,37.507998,517,0
2026-01-15T09:29:52.197Z,55.679050,37.507955,505,0
2026-01-15T09:29:57.201Z,55.679011,37.507906,569,0
2026-01-15T09:30:02.205Z,55.678978,37.507853,480,0
2026-01-15T09:30:06.220Z,55.678978,37.507853,0,0
2026-01-15T09:30:07.221Z,55.678961,37.507828,0,0
2026-01-15T09:30:08.222Z,55.678961,37.507828,15,0
2026-01-15T09:30:12.226Z,55.678966,37.507838,492,0
2026-01-15T09:30:18.232Z,55.678936,37.507785,482,0
2026-01-15T09:30:20.234Z,55.678936,37.507785,0,0
2026-01-15T09:30:23.237Z,55.678923,37.507766,0,0
2026-01-15T09:30:33.258Z,55.678933,37.507755,0,0
2026-01-15T09:30:38.263Z,55.678938,37.507743,0,0
2026-01-15T09:30:43.269Z,55.678946,37.507740,0,0
2026-01-15T09:30:48.274Z,55.678943,37.507801,0,0
2026-01-15T09:30:53.278Z,55.678925,37.507753,0,0
2026-01-15T09:30:58.284Z,55.678911,37.507731,472,0
2026-01-15T09:31:03.290Z,55.678926,37.507743,444,0
2026-01-15T09:31:08.296Z,55.678948,37.507773,462,0
2026-01-15T09:31:13.301Z,55.678958,37.507781,442,0
2026-01-15T09:31:18.306Z,55.678975,37.507808,447,0
2026-01-15T09:31:23.310Z,55.678995,37.507825,477,0
2026-01-15T09:31:28.315Z,55.679016,37.507840,457,0
2026-01-15T09:31:33.321Z,55.679038,37.507860,482,0
2026-01-15T09:31:38.325Z,55.679070,37.507901,528,0
2026-01-15T09:31:44.331Z,55.679096,37.507935,484,0
2026-01-15T09:31:49.336Z,55.679118,37.507975,527,0
2026-01-15T09:31:54.340Z,55.679140,37.508016,558,0
2026-01-15T09:31:59.346Z,55.679153,37.508050,566,0
2026-01-15T09:32:04.351Z,55.679171,37.508081,526,0
2026-01-15T09:32:09.356Z,55.679186,37.508101,510,0
2026-01-15T09:32:14.360Z,55.679211,37.508131,497,0
2026-01-15T09:32:19.365Z,55.679238,37.508171,497,0
2026-01-15T09:32:24.370Z,55.679263,37.508205,511,0
2026-01-15T09:32:29.376Z,55.679296,37.508236,463,0
2026-01-15T09:32:34.380Z,55.679323,37.508255,524,0
2026-01-15T09:32:39.388Z,55.679351,37.508278,461,0
2026-01-15T09:32:44.392Z,55.679381,37.508301,485,0
2026-01-15T09:32:46.393Z,55.679381,37.508301,0,0
2026-01-15T09:32:49.396Z,55.679393,37.508313,463,0
2026-01-15T09:32:54.400Z,55.679408,37.508325,471,0
2026-01-15T09:32:59.405Z,55.679433,37.508350,490,0
2026-01-15T09:33:04.408Z,55.679458,37.508365,521,0
2026-01-15T09:33:09.413Z,55.679486,37.508368,505,0
2026-01-15T09:33:15.420Z,55.679510,37.508370,518,0
2026-01-15T09:33:20.425Z,55.679538,37.508373,478,0
2026-01-15T09:33:25.429Z,55.679565,37.508376,483,0
2026-01-15T09:33:30.433Z,55.679590,37.508380,483,0
2026-01-15T09:33:35.438Z,55.679610,37.508391,515,0
2026-01-15T09:33:40.444Z,55.679628,37.508395,489,0
2026-01-15T09:33:45.449Z,55.679661,37.508373,536,0
2026-01-15T09:33:50.466Z,55.679698,37.508330,511,0
2026-01-15T09:33:55.470Z,55.679721,37.508301,580,0
2026-01-15T09:34:00.474Z,55.679758,37.508293,512,0
2026-01-15T09:34:05.483Z,55.679788,37.508260,496,0
2026-01-15T09:34:10.487Z,55.679826,37.508243,504,0
2026-01-15T09:34:15.492Z,55.679861,37.508240,488,0
2026-01-15T09:34:20.496Z,55.679890,37.508230,528,0
2026-01-15T09:34:25.503Z,55.679910,37.508216,523,0
2026-01-15T09:34:30.508Z,55.679938,37.508208,505,0
2026-01-15T09:34:35.513Z,55.679966,37.508208,530,0
2026-01-15T09:34:41.519Z,55.680000,37.508196,471,0
2026-01-15T09:34:46.524Z,55.680028,37.508181,529,0
2026-01-15T09:34:51.529Z,55.680050,37.508175,511,0
2026-01-15T09:34:56.536Z,55.680071,37.508150,506,0
2026-01-15T09:35:01.542Z,55.680096,37.508126,0,0
2026-01-15T09:35:03.544Z,55.680096,37.508126,488,0
2026-01-15T09:35:11.553Z,55.680126,37.508101,509,0
2026-01-15T09:35:16.557Z,55.680148,37.508081,488,0
2026-01-15T09:35:21.563Z,55.680175,37.508043,520,0
2026-01-15T09:35:26.569Z,55.680216,37.508010,537,0
2026-01-15T09:35:31.576Z,55.680255,37.507996,484,0
2026-01-15T09:35:36.581Z,55.680286,37.507993,491,0
2026-01-15T09:35:41.584Z,55.680321,37.507973,516,0
2026-01-15T09:35:46.591Z,55.680358,37.507953,468,0
2026-01-15T09:35:48.593Z,55.680358,37.507953,0,0
2026-01-15T09:35:51.597Z,55.680370,37.507951,0,0
2026-01-15T09:35:52.597Z,55.680370,37.507951,459,0
2026-01-15T09:36:01.608Z,55.680395,37.507926,479,0
2026-01-15T09:36:06.614Z,55.680423,37.507908,475,0
2026-01-15T09:36:08.616Z,55.680423,37.507908,0,0
2026-01-15T09:36:11.619Z,55.680423,37.507908,89,0
2026-01-15T09:36:12.620Z,55.680435,37.507900,480,0
2026-01-15T09:36:17.626Z,55.680451,37.507888,489,0
2026-01-15T09:36:22.630Z,55.680483,37.507868,500,0
2026-01-15T09:36:27.639Z,55.680520,37.507856,521,0
2026-01-15T09:36:32.646Z,55.680566,37.507843,548,0
2026-01-15T09:36:37.651Z,55.680600,37.507835,545,0
2026-01-15T09:36:42.656Z,55.680635,37.507833,479,0
2026-01-15T09:36:47.661Z,55.680675,37.507823,485,0
2026-01-15T09:36:52.667Z,55.680711,37.507808,477,0
2026-01-15T09:36:57.672Z,55.680745,37.507798,457,0
2026-01-15T09:37:02.679Z,55.680778,37.507788,488,0
2026-01-15T09:37:07.684Z,55.680816,37.507783,499,0
2026-01-15T09:37:12.688Z,55.680850,37.507788,464,0
2026-01-15T09:37:17.693Z,55.680885,37.507781,516,0
2026-01-15T09:37:22.698Z,55.680903,37.507775,514,0
2026-01-15T09:37:27.704Z,55.680920,37.507771,560,0
2026-01-15T09:37:32.709Z,55.680940,37.507753,543,0
2026-01-15T09:37:38.725Z,55.680983,37.507755,522,0
2026-01-15T09:37:43.730Z,55.681016,37.507751,523,0
2026-01-15T09:37:48.736Z,55.681040,37.507751,518,0
2026-01-15T09:37:53.741Z,55.681078,37.507740,474,0
2026-01-15T09:37:58.745Z,55.681110,37.507733,463,0
2026-01-15T09:38:03.749Z,55.681141,37.507723,525,0
2026-01-15T09:38:08.758Z,55.681183,37.507720,580,0
2026-01-15T09:38:13.761Z,55.681221,37.507718,475,0
2026-01-15T09:38:18.767Z,55.681248,37.507716,536,0
2026-01-15T09:38:23.772Z,55.681276,37.507711,489,0
2026-01-15T09:38:28.779Z,55.681316,37.507696,501,0
2026-01-15T09:38:33.783Z,55.681360,37.507691,520,0
2026-01-15T09:38:38.789Z,55.681393,37.507686,491,0
2026-01-15T09:38:43.795Z,55.681428,37.507681,540,0
2026-01-15T09:38:48.801Z,55.681468,37.507678,525,0
2026-01-15T09:38:53.805Z,55.681501,37.507676,536,0
2026-01-15T09:38:58.811Z,55.681533,37.507660,530,0
2026-01-15T09:39:03.816Z,55.681560,37.507638,518,0
2026-01-15T09:39:09.826Z,55.681590,37.507613,518,0
2026-01-15T09:39:14.832Z,55.681623,37.507593,519,0
2026-01-15T09:39:19.837Z,55.681651,37.507585,463,0
2026-01-15T09:39:24.853Z,55.681685,37.507585,516,0
2026-01-15T09:39:29.858Z,55.681720,37.507575,522,0
2026-01-15T09:39:34.863Z,55.681761,37.507550,450,0
2026-01-15T09:39:39.867Z,55.681808,37.507536,494,0
2026-01-15T09:39:44.872Z,55.681850,37.507530,538,0
2026-01-15T09:39:49.877Z,55.681881,37.507526,590,0
2026-01-15T09:39:54.884Z,55.681916,37.507523,476,0
2026-01-15T09:39:59.891Z,55.681953,37.507511,518,0
2026-01-15T09:40:03.895Z,55.681953,37.507511,0,0
2026-01-15T09:40:04.905Z,55.681986,37.507506,0,0
2026-01-15T09:40:07.908Z,55.681986,37.507506,463,0
2026-01-15T09:40:09.910Z,55.681990,37.507495,493,0
2026-01-15T09:40:11.912Z,55.681990,37.507495,0,0
2026-01-15T09:40:14.914Z,55.681998,37.507493,0,0
2026-01-15T09:40:31.931Z,55.681998,37.507500,250,0
2026-01-15T09:40:40.941Z,55.682021,37.507480,466,0
2026-01-15T09:40:45.949Z,55.682051,37.507473,484,0
2026-01-15T09:40:50.953Z,55.682081,37.507461,515,0
2026-01-15T09:40:55.960Z,55.682111,37.507450,561,0
2026-01-15T09:40:59.965Z,55.682111,37.507450,0,0
2026-01-15T09:41:00.966Z,55.682135,37.507446,0,0
2026-01-15T09:41:01.966Z,55.682135,37.507446,82,0
2026-01-15T09:41:10.986Z,55.682176,37.507433,461,0
2026-01-15T09:41:15.993Z,55.682203,37.507421,493,0
2026-01-15T09:41:20.997Z,55.682225,37.507406,559,0
2026-01-15T09:41:26.006Z,55.682243,37.507393,464,0
2026-01-15T09:41:31.010Z,55.682261,37.507381,506,0
2026-01-15T09:41:36.018Z,55.682280,37.507373,556,0
2026-01-15T09:41:41.022Z,55.682305,37.507361,525,0
2026-01-15T09:41:46.028Z,55.682326,37.507361,497,0
2026-01-15T09:41:51.032Z,55.682350,37.507355,568,0
2026-01-15T09:41:56.040Z,55.682381,37.507365,528,0
2026-01-15T09:42:01.044Z,55.682411,37.507381,497,0
2026-01-15T09:42:07.051Z,55.682438,37.507405,474,0
2026-01-15T09:42:12.056Z,55.682460,37.507431,457,0
2026-01-15T09:42:17.062Z,55.682475,37.507463,304,0
2026-01-15T09:42:22.066Z,55.682491,37.507515,457,0
2026-01-15T09:42:27.073Z,55.682513,37.507563,501,0
2026-01-15T09:42:32.078Z,55.682533,37.507613,443,0
2026-01-15T09:42:37.083Z,55.682545,37.507665,465,0
2026-01-15T09:42:42.090Z,55.682551,37.507723,520,0
2026-01-15T09:42:47.095Z,55.682571,37.507770,568,0
2026-01-15T09:42:52.100Z,55.682596,37.507813,536,0
2026-01-15T09:42:57.115Z,55.682620,37.507860,549,0
2026-01-15T09:43:02.120Z,55.682643,37.507903,496,0
2026-01-15T09:43:07.125Z,55.682675,37.507946,525,0
2026-01-15T09:43:12.129Z,55.682713,37.507996,497,0
2026-01-15T09:43:17.136Z,55.682760,37.507996,501,0
2026-01-15T09:43:22.141Z,55.682808,37.507966,523,0
2026-01-15T09:43:27.148Z,55.682843,37.507930,492,0
2026-01-15T09:43:32.153Z,55.682871,37.507891,480,0
2026-01-15T09:43:38.168Z,55.682901,37.507856,525,0
2026-01-15T09:43:43.175Z,55.682938,37.507823,515,0
2026-01-15T09:43:48.180Z,55.682975,37.507788,474,0
2026-01-15T09:43:53.186Z,55.683010,37.507771,508,0
2026-01-15T09:43:58.192Z,55.683041,37.507745,528,0
2026-01-15T09:44:03.197Z,55.683070,37.507716,562,0
2026-01-15T09:44:08.202Z,55.683100,37.507703,520,0
2026-01-15T09:44:13.207Z,55.683123,37.507661,539,0
2026-01-15T09:44:18.214Z,55.683151,37.507621,523,0
2026-01-15T09:44:23.219Z,55.683181,37.507581,563,0
2026-01-15T09:44:28.225Z,55.683210,37.507540,543,0
2026-01-15T09:44:33.230Z,55.683238,37.507485,517,0
2026-01-15T09:44:38.247Z,55.683270,37.507438,558,0
2026-01-15T09:44:43.252Z,55.683298,37.507376,555,0
2026-01-15T09:44:48.259Z,55.683330,37.507335,579,0
2026-01-15T09:44:53.263Z,55.683360,37.507296,522,0
2026-01-15T09:44:58.270Z,55.683383,37.507250,522,0
2026-01-15T09:45:03.273Z,55.683408,37.507225,524,0
2026-01-15T09:45:09.282Z,55.683436,37.507193,533,0
2026-01-15T09:45:14.287Z,55.683463,37.507165,475,0
2026-01-15T09:45:19.293Z,55.683491,37.507143,566,0
2026-01-15T09:45:24.298Z,55.683521,37.507118,517,0
2026-01-15T09:45:29.304Z,55.683553,37.507095,547,0
2026-01-15T09:45:34.308Z,55.683585,37.507073,538,0
2026-01-15T09:45:38.313Z,55.683585,37.507073,0,0
2026-01-15T09:45:39.313Z,55.683610,37.507056,0,0
2026-01-15T09:45:49.322Z,55.683628,37.507071,0,0
2026-01-15T09:45:54.328Z,55.683645,37.507090,0,0
2026-01-15T09:46:00.334Z,55.683645,37.507093,472,0
2026-01-15T09:46:04.338Z,55.683650,37.507073,467,0
2026-01-15T09:46:09.344Z,55.683680,37.507038,533,0
2026-01-15T09:46:14.348Z,55.683713,37.506993,491,0
2026-01-15T09:46:19.355Z,55.683736,37.506958,485,0
2026-01-15T09:46:24.361Z,55.683763,37.506910,503,0
2026-01-15T09:46:29.368Z,55.683790,37.506870,494,0
2026-01-15T09:46:35.376Z,55.683815,37.506826,493,0
2026-01-15T09:46:40.381Z,55.683840,37.506768,473,0
2026-01-15T09:46:45.397Z,55.683858,37.506703,579,0
2026-01-15T09:46:50.403Z,55.683883,37.506663,531,0
2026-01-15T09:46:55.408Z,55.683910,37.506611,520,0
2026-01-15T09:47:00.414Z,55.683943,37.506551,515,0
2026-01-15T09:47:05.419Z,55.683970,37.506488,536,0
2026-01-15T09:47:10.424Z,55.684003,37.506436,481,0
2026-01-15T09:47:15.429Z,55.684020,37.506411,532,0
2026-01-15T09:47:20.433Z,55.684036,37.506371,527,0
2026-01-15T09:47:25.441Z,55.684055,37.506301,495,0
2026-01-15T09:47:30.445Z,55.684080,37.506245,471,0
2026-01-15T09:47:35.451Z,55.684118,37.506213,493,0
2026-01-15T09:47:40.456Z,55.684165,37.506198,469,0
2026-01-15T09:47:45.462Z,55.684196,37.506190,544,0
2026-01-15T09:47:50.466Z,55.684228,37.506171,543,0
2026-01-15T09:47:55.473Z,55.684266,37.506143,514,0
2026-01-15T09:48:00.480Z,55.684305,37.506108,473,0
2026-01-15T09:48:06.487Z,55.684340,37.506081,520,0
2026-01-15T09:48:11.492Z,55.684375,37.506061,550,0
2026-01-15T09:48:16.497Z,55.684415,37.506030,546,0
2026-01-15T09:48:21.502Z,55.684453,37.506003,531,0
2026-01-15T09:48:26.507Z,55.684483,37.505985,497,0
2026-01-15T09:48:31.511Z,55.684520,37.505950,511,0
2026-01-15T09:48:36.519Z,55.684576,37.505905,506,0
2026-01-15T09:48:41.524Z,55.684621,37.505885,501,0
2026-01-15T09:48:46.532Z,55.684658,37.505865,580,0
2026-01-15T09:48:51.537Z,55.684703,37.505861,449,0
2026-01-15T09:48:56.544Z,55.684740,37.505861,494,0
2026-01-15T09:49:01.549Z,55.684781,37.505866,505,0
2026-01-15T09:49:06.555Z,55.684825,37.505861,477,0
2026-01-15T09:49:11.559Z,55.684863,37.505861,512,0
2026-01-15T09:49:16.567Z,55.684901,37.505868,561,0
2026-01-15T09:49:21.573Z,55.684938,37.505843,494,0
2026-01-15T09:49:26.588Z,55.684973,37.505833,551,0
2026-01-15T09:49:32.593Z,55.685013,37.505841,515,0
2026-01-15T09:49:37.611Z,55.685051,37.505815,532,0
2026-01-15T09:49:42.615Z,55.685090,37.505791,514,0
2026-01-15T09:49:45.620Z,55.685090,37.505791,0,0
2026-01-15T09:49:47.622Z,55.685101,37.505781,0,0
2026-01-15T09:49:48.624Z,55.685101,37.505781,360,0
2026-01-15T09:49:57.634Z,55.685151,37.505728,528,0
2026-01-15T09:50:02.638Z,55.685190,37.505730,452,0
2026-01-15T09:50:07.647Z,55.685226,37.505750,467,0
2026-01-15T09:50:12.652Z,55.685265,37.505743,491,0
2026-01-15T09:50:17.666Z,55.685301,37.505720,494,0
2026-01-15T09:50:22.671Z,55.685345,37.505718,480,0
2026-01-15T09:50:27.678Z,55.685378,37.505710,476,0
2026-01-15T09:50:32.682Z,55.685420,37.505690,455,0
2026-01-15T09:50:37.690Z,55.685443,37.505650,467,0
2026-01-15T09:50:42.697Z,55.685486,37.505635,533,0
2026-01-15T09:50:47.702Z,55.685530,37.505623,489,0
2026-01-15T09:50:52.707Z,55.685563,37.505616,546,0
2026-01-15T09:50:55.710Z,55.685563,37.505616,0,0
2026-01-15T09:50:57.712Z,55.685586,37.505620,0,0
2026-01-15T09:51:03.717Z,55.685585,37.505606,0,0
2026-01-15T09:51:08.723Z,55.685588,37.505588,0,0
2026-01-15T09:51:13.728Z,55.685588,37.505576,414,0
2026-01-15T09:51:18.734Z,55.685613,37.505571,464,0
2026-01-15T09:51:23.738Z,55.685653,37.505563,476,0
2026-01-15T09:51:28.754Z,55.685681,37.505543,504,0
2026-01-15T09:51:33.758Z,55.685720,37.505510,0,0
2026-01-15T09:51:37.767Z,55.685720,37.505510,12,0
2026-01-15T09:51:38.767Z,55.685721,37.505496,0,0
2026-01-15T09:51:39.768Z,55.685721,37.505496,473,0
2026-01-15T09:51:43.772Z,55.685733,37.505485,514,0
2026-01-15T09:51:48.778Z,55.685750,37.505420,449,0
2026-01-15T09:51:53.782Z,55.685745,37.505353,447,0
2026-01-15T09:51:58.790Z,55.685720,37.505290,537,0
2026-01-15T09:52:03.794Z,55.685688,37.505236,487,0
2026-01-15T09:52:08.811Z,55.685656,37.505216,493,0
2026-01-15T09:52:13.815Z,55.685628,37.505208,504,0
2026-01-15T09:52:18.821Z,55.685596,37.505171,531,0
2026-01-15T09:52:23.824Z,55.685576,37.505125,501,0
2026-01-15T09:52:28.833Z,55.685553,37.505083,548,0
2026-01-15T09:52:34.838Z,55.685533,37.505071,501,0
2026-01-15T09:52:38.843Z,55.685533,37.505071,0,0
2026-01-15T09:52:39.844Z,55.685500,37.505028,0,0
2026-01-15T09:52:40.845Z,55.685500,37.505028,292,0
2026-01-15T09:52:44.850Z,55.685495,37.505013,497,0
2026-01-15T09:52:49.867Z,55.685491,37.504983,524,0
2026-01-15T09:52:54.872Z,55.685450,37.504930,545,0
2026-01-15T09:52:59.878Z,55.685418,37.504898,494,0
2026-01-15T09:53:04.882Z,55.685393,37.504861,474,0
2026-01-15T09:53:09.886Z,55.685365,37.504866,475,0
2026-01-15T09:53:14.891Z,55.685348,37.504855,542,0
2026-01-15T09:53:19.899Z,55.685336,37.504850,494,0
2026-01-15T09:53:24.903Z,55.685310,37.504813,475,0
2026-01-15T09:53:29.919Z,55.685293,37.504783,477,0
2026-01-15T09:53:34.924Z,55.685268,37.504751,546,0
2026-01-15T09:53:39.930Z,55.685255,37.504708,526,0
2026-01-15T09:53:44.935Z,55.685225,37.504686,490,0
2026-01-15T09:53:49.941Z,55.685191,37.504670,554,0
2026-01-15T09:53:54.946Z,55.685160,37.504643,520,0
2026-01-15T09:53:59.953Z,55.685133,37.504545,474,0
2026-01-15T09:54:05.961Z,55.685106,37.504531,481,0
2026-01-15T09:54:10.965Z,55.685083,37.504508,508,0
2026-01-15T09:54:15.972Z,55.685073,37.504460,508,0
2026-01-15T09:54:20.977Z,55.685056,37.504438,504,0
2026-01-15T09:54:25.983Z,55.685021,37.504410,560,0
2026-01-15T09:54:30.988Z,55.684991,37.504391,513,0
2026-01-15T09:54:35.995Z,55.684961,37.504375,496,0
2026-01-15T09:54:41.000Z,55.684926,37.504345,510,0
2026-01-15T09:54:46.006Z,55.684888,37.504320,481,0
2026-01-15T09:54:51.011Z,55.684868,37.504261,511,0
2026-01-15T09:54:56.026Z,55.684868,37.504203,521,0
2026-01-15T09:55:01.030Z,55.684856,37.504175,540,0
2026-01-15T09:55:06.036Z,55.684818,37.504166,507,0
2026-01-15T09:55:11.040Z,55.684783,37.504140,497,0
2026-01-15T09:55:16.043Z,55.684755,37.504140,549,0
2026-01-15T09:55:21.050Z,55.684721,37.504161,528,0
2026-01-15T09:55:26.054Z,55.684691,37.504155,540,0
2026-01-15T09:55:32.059Z,55.684666,37.504143,543,0
2026-01-15T09:55:37.065Z,55.684641,37.504113,533,0
2026-01-15T09:55:42.069Z,55.684611,37.504095,544,0
2026-01-15T09:55:47.076Z,55.684581,37.504065,551,0
2026-01-15T09:55:52.082Z,55.684548,37.504043,557,0
2026-01-15T09:55:57.097Z,55.684518,37.503998,519,0
2026-01-15T09:56:02.103Z,55.684491,37.503971,483,0
2026-01-15T09:56:07.107Z,55.684468,37.503941,487,0
2026-01-15T09:56:12.112Z,55.684440,37.503913,534,0
2026-01-15T09:56:17.118Z,55.684401,37.503876,457,0
2026-01-15T09:56:22.121Z,55.684361,37.503840,496,0
2026-01-15T09:56:27.127Z,55.684320,37.503810,488,0
2026-01-15T09:56:32.132Z,55.684286,37.503773,481,0
2026-01-15T09:56:37.138Z,55.684250,37.503745,500,0
2026-01-15T09:56:42.142Z,55.684215,37.503730,540,0
2026-01-15T09:56:47.146Z,55.684168,37.503708,524,0
2026-01-15T09:56:52.149Z,55.684113,37.503703,556,0
2026-01-15T09:56:57.158Z,55.684066,37.503680,549,0
2026-01-15T09:56:59.160Z,55.684066,37.503680,0,0
2026-01-15T09:57:03.165Z,55.684051,37.503680,0,0
2026-01-15T09:57:07.178Z,55.684051,37.503680,514,0
2026-01-15T09:57:08.179Z,55.684043,37.503690,472,0
2026-01-15T09:57:13.183Z,55.684015,37.503681,523,0
2026-01-15T09:57:18.190Z,55.683986,37.503625,571,0
2026-01-15T09:57:23.196Z,55.683955,37.503573,529,0
2026-01-15T09:57:28.201Z,55.683921,37.503530,498,0
2026-01-15T09:57:33.208Z,55.683885,37.503490,512,0
2026-01-15T09:57:38.212Z,55.683841,37.503463,575,0
2026-01-15T09:57:41.214Z,55.683841,37.503463,0,0
2026-01-15T09:57:43.216Z,55.683815,37.503435,0,0
2026-01-15T09:57:45.218Z,55.683815,37.503435,443,0
2026-01-15T09:57:53.229Z,55.683783,37.503391,514,0
2026-01-15T09:57:58.235Z,55.683736,37.503341,538,0
2026-01-15T09:58:03.239Z,55.683696,37.503316,489,0
2026-01-15T09:58:08.244Z,55.683671,37.503288,518,0
2026-01-15T09:58:11.247Z,55.683671,37.503288,0,0
2026-01-15T09:58:13.249Z,55.683670,37.503268,0,0
2026-01-15T09:58:23.259Z,55.683680,37.503263,0,0
2026-01-15T09:58:34.272Z,55.683690,37.503266,0,0
2026-01-15T09:58:44.284Z,55.683693,37.503255,0,0
2026-01-15T09:58:54.295Z,55.683700,37.503258,0,0
2026-01-15T09:59:09.312Z,55.683711,37.503253,0,0
2026-01-15T09:59:19.323Z,55.683711,37.503238,0,0
2026-01-15T09:59:29.334Z,55.683715,37.503228,0,0
2026-01-15T09:59:39.345Z,55.683706,37.503230,0,0
2026-01-15T09:59:49.357Z,55.683698,37.503225,0,0
2026-01-15T09:59:50.358Z,55.683698,37.503225,38,0
2026-01-15T09:59:54.362Z,55.683691,37.503208,478,0
2026-01-15T10:00:00.368Z,55.683656,37.503170,522,0
2026-01-15T10:00:05.374Z,55.683625,37.503130,458,0
2026-01-15T10:00:10.380Z,55.683590,37.503085,497,0
2026-01-15T10:00:15.384Z,55.683546,37.503040,488,0
2026-01-15T10:00:20.401Z,55.683495,37.502996,486,0
2026-01-15T10:00:25.405Z,55.683446,37.502956,503,0
2026-01-15T10:00:30.411Z,55.683403,37.502905,487,0
2026-01-15T10:00:35.416Z,55.683363,37.502856,565,0
2026-01-15T10:00:40.421Z,55.683323,37.502798,558,0
2026-01-15T10:00:45.426Z,55.683286,37.502753,564,0
2026-01-15T10:00:50.435Z,55.683253,37.502711,473,0
2026-01-15T10:00:55.439Z,55.683226,37.502678,519,0
2026-01-15T10:01:00.456Z,55.683198,37.502631,399,0
2026-01-15T10:01:05.461Z,55.683163,37.502583,508,0
2026-01-15T10:01:10.468Z,55.683128,37.502525,531,0
2026-01-15T10:01:15.473Z,55.683095,37.502473,530,0
2026-01-15T10:01:20.478Z,55.683060,37.502428,489,0
2026-01-15T10:01:25.481Z,55.683020,37.502370,532,0
2026-01-15T10:01:31.490Z,55.682983,37.502320,485,0
2026-01-15T10:01:36.496Z,55.682950,37.502283,15,0
2026-01-15T10:01:37.496Z,55.682950,37.502283,0,0
2026-01-15T10:01:41.500Z,55.682943,37.502285,0,0
2026-01-15T10:01:43.502Z,55.682943,37.502285,471,0
2026-01-15T10:01:46.505Z,55.682941,37.502273,475,0
2026-01-15T10:01:51.509Z,55.682910,37.502236,536,0
2026-01-15T10:01:56.514Z,55.682890,37.502205,547,0
2026-01-15T10:02:01.519Z,55.682858,37.502151,522,0
2026-01-15T10:02:06.526Z,55.682826,37.502108,543,0
2026-01-15T10:02:11.532Z,55.682795,37.502066,283,0
2026-01-15T10:02:16.549Z,55.682771,37.502023,0,0
2026-01-15T10:02:21.554Z,55.682741,37.501990,0,0
2026-01-15T10:02:26.560Z,55.682695,37.501956,0,0
2026-01-15T10:02:31.565Z,55.682648,37.501945,0,0
2026-01-15T10:02:41.573Z,55.682636,37.501963,0,0
2026-01-15T10:02:51.584Z,55.682628,37.501976,0,0
2026-01-15T10:03:02.592Z,55.682615,37.501970,0,0
2026-01-15T10:03:07.598Z,55.682585,37.501910,0,0
2026-01-15T10:03:12.602Z,55.682590,37.501863,0,0
2026-01-15T10:03:17.606Z,55.682618,37.501805,0,0
2026-01-15T10:03:22.612Z,55.682646,37.501703,0,0
2026-01-15T10:03:27.616Z,55.682650,37.501721,0,0
2026-01-15T10:03:32.621Z,55.682625,37.501713,0,0
2026-01-15T10:03:35.625Z,55.682625,37.501713,0,0
